[W/K],MAIN_STR_PNL_MX.1,MAIN_STR_PNL_MY.1,MAIN_STR_PNL_MZ.1,MAIN_STR_PNL_PX.1,MAIN_STR_PNL_PY.1,MAIN_STR_PNL_PZ.1,SPACE.1
MAIN_STR_PNL_MX.1,0,0.001831815,0.001802457,0.001755902,0.001825105,0.001837552,0.000500371
MAIN_STR_PNL_MY.1,0.001831815,0,0.001795754,0.001815721,0.00176949,0.00181747,0.000503029
MAIN_STR_PNL_MZ.1,0.001802457,0.001795754,0,0.001800463,0.001797599,0.001773476,0.000499486
MAIN_STR_PNL_PX.1,0.001755902,0.001815721,0.001800463,0,0.001790436,0.001821083,0.000498543
MAIN_STR_PNL_PY.1,0.001825105,0.00176949,0.001797599,0.001790436,0,0.001830233,0.000498857
MAIN_STR_PNL_PZ.1,0.001837552,0.00181747,0.001773476,0.001821083,0.001830233,0,0.0004988
SPACE.1,0.000500371,0.000503029,0.000499486,0.000498543,0.000498857,0.0004988,0