[W/K],MAIN_STR_PNL_MX.1,MAIN_STR_PNL_MY.1,MAIN_STR_PNL_MZ.1,MAIN_STR_PNL_PX.1,MAIN_STR_PNL_PY.1,MAIN_STR_PNL_PZ.1,SPACE.1
MAIN_STR_PNL_MX.1,0,0.001796252,0.001787668,0.001772741,0.001806873,0.001809616,0.003006343
MAIN_STR_PNL_MY.1,0.001796252,0,0.001809132,0.001837396,0.001795509,0.001821697,0.002989714
MAIN_STR_PNL_MZ.1,0.001787668,0.001809132,0,0.001812752,0.001794625,0.001758418,0.003013543
MAIN_STR_PNL_PX.1,0.001772741,0.001837396,0.001812752,0,0.001820381,0.001798923,0.003002571
MAIN_STR_PNL_PY.1,0.001806873,0.001795509,0.001794625,0.001820381,0,0.001779056,0.003006171
MAIN_STR_PNL_PZ.1,0.001809616,0.001821697,0.001758418,0.001798923,0.001779056,0,0.0030168
SPACE.1,0.003006343,0.002989714,0.003013543,0.003002571,0.003006171,0.0030168,0