[W/K],MAIN_STR_PNL_MX.1,MAIN_STR_PNL_MY.1,MAIN_STR_PNL_MZ.1,MAIN_STR_PNL_PX.1,MAIN_STR_PNL_PY.1,MAIN_STR_PNL_PZ.1,SPACE.1
MAIN_STR_PNL_MX.1,0,0.001797198,0.001822773,0.001776667,0.001830682,0.001796436,0.0069648
MAIN_STR_PNL_MY.1,0.001797198,0,0.001838905,0.001819208,0.001758521,0.001820081,0.0069712
MAIN_STR_PNL_MZ.1,0.001822773,0.001838905,0,0.001828175,0.001826707,0.001774546,0.0069364
MAIN_STR_PNL_PX.1,0.001776667,0.001819208,0.001828175,0,0.001801797,0.001845926,0.006918801
MAIN_STR_PNL_PY.1,0.001830682,0.001758521,0.001826707,0.001801797,0,0.001808575,0.0070072
MAIN_STR_PNL_PZ.1,0.001796436,0.001820081,0.001774546,0.001845926,0.001808575,0,0.0070652
SPACE.1,0.0069648,0.0069712,0.0069364,0.006918801,0.0070072,0.0070652,0