[W/K],MAIN_STR_PNL_MX.1,MAIN_STR_PNL_MY.1,MAIN_STR_PNL_MZ.1,MAIN_STR_PNL_PX.1,MAIN_STR_PNL_PY.1,MAIN_STR_PNL_PZ.1,SPACE.1
MAIN_STR_PNL_MX.1,0,0.001806052,0.001802589,0.001792686,0.001813795,0.001797624,0.000499857
MAIN_STR_PNL_MY.1,0.001806052,0,0.001824272,0.001817683,0.001734723,0.001783073,0.000505029
MAIN_STR_PNL_MZ.1,0.001802589,0.001824272,0,0.00180976,0.001803753,0.001809923,0.000495371
MAIN_STR_PNL_PX.1,0.001792686,0.001817683,0.00180976,0,0.001807679,0.001806712,0.000496571
MAIN_STR_PNL_PY.1,0.001813795,0.001734723,0.001803753,0.001807679,0,0.001808315,0.000504971
MAIN_STR_PNL_PZ.1,0.001797624,0.001783073,0.001809923,0.001806712,0.001808315,0,0.000501857
SPACE.1,0.000499857,0.000505029,0.000495371,0.000496571,0.000504971,0.000501857,0