[m^2],BUS,SAP,SPACE
BUS,0,0.00316,0.047084
SAP,0.00316,0,0.01684
SPACE,0.047084,0.01684,0
